Link #1	Link #2	Link #3	Link #4	Link #5
https://www.youtube.com/watch?v=O4PmcP9ecE4	https://www.youtube.com/watch?v=AMj51nd4Oeg	https://www.youtube.com/watch?v=O_qgaOUR3Fo	https://www.youtube.com/watch?v=KsLi2lw6opE	https://www.youtube.com/watch?v=uYFtWVv5F3E
https://youtu.be/uYFtWVv5F3E?si=c454GY-7ZCGkp2Ie	https://youtu.be/ZF8Sk92xsuA?si=S96zQGtEVyRkvezd	https://youtu.be/IuTDuvYr7f0?si=XfxSm36cerBPZf7O	https://youtu.be/iNWxDuVgWp8?si=mtooaIyo4ybJLzpB	https://youtu.be/fNrjmzakHD8?si=EKMvv_kAgIxEjWFn
https://youtu.be/efDOVVDy0iA?si=3Qiv4rWLeSZs5wZy	https://youtu.be/OgZQjaXOisg?si=N4K1sZTg7ge8F6Mk	https://youtu.be/-sQt_Y7yXRA?si=3hFQJf0DjCzbo5x_	https://youtu.be/S0jxqZReMwo?si=ecHBsTsYJAkw88YE	https://youtu.be/gcBsGvVpaMQ?si=imXfR64LZ_f0JcY8
https://youtu.be/Pg12gBbQ0us?si=67hcKL7ipt9QyJrD	https://youtu.be/OVzEWu1exFg?si=r7tCap-xogN9qQkC	https://youtu.be/X8SIKtStUVM?si=tnD93JLXvq_NtSXq	https://youtu.be/Lavbt4wJmas?si=OaHiv7W4-U4l0h1j	https://youtu.be/uX4TAbr6o5k?si=sEX4xIB0Q3iUTvAw
https://www.youtube.com/watch?v=xHi_us9B2DY	https://www.youtube.com/watch?v=M_lwC5zPkyo	https://www.youtube.com/watch?v=Xae2XwgqO-k	https://www.youtube.com/watch?v=SYKwfB8LRhc	https://www.youtube.com/watch?v=zPuLGkluoTY
https://youtu.be/Dt6ek_QgBMo	https://youtu.be/UBMZCpxzP4A	https://youtu.be/tvfYgXHNIqY	https://youtu.be/zXDXBkc7CJ8	https://youtu.be/8mW2-W_Xktc
https://youtu.be/cwZb2mqId0A?si=kwB1YMKrTqVCt1kl	https://youtu.be/trwRAptUMd0?si=0qqjHrdJ5tgDBQ8m	https://youtu.be/0aV7y507DYg?si=UV8kvd7qfbbbTcK7	https://youtu.be/YoMjgqMgOb0?si=ALXryuJoYpDlpo3h	https://youtu.be/A8RGmUTfUrs?si=pdYGCTmUNzh9NZss
https://youtu.be/NFbmKoz8rnM?si=g66_l258PiEkamHM	https://youtu.be/S-TmmjEN-V0?si=I4UXdBWo1MFmBcCR	https://youtu.be/HLDPA3FTUJ4?si=u8Bl1q9-bBOfzZ6s	https://youtu.be/k9Jn0eP-ZVg?si=j0WeUbeh7dyBLkoD	https://youtu.be/wKuIyFQQqC4?si=ZZa6L3SbmeMWvnEv
https://www.youtube.com/watch?v=B9w7s4NQ570	https://www.youtube.com/watch?v=kCy2adkj4HM	https://www.youtube.com/watch?v=HpqAFlWkF0Y	https://www.youtube.com/watch?v=BSQi_T_QQmU	https://www.youtube.com/watch?v=XSpOa7iwTqQ
https://youtu.be/vNR9QjmhH00?si=Aqp0ry0mTrFEN2Z0	https://youtu.be/xbXcAmQh54k?si=r--VKKbzSu41CZJ4	https://youtu.be/VzV9i5AOBsA?si=iaybqrOjDqndAJTS	https://youtu.be/yQK_JqEkqy0?si=wnDdDclTVMBky-UX	https://youtu.be/P-OmNgmZ7qY?si=htCLLoyLjw6sc666
https://youtu.be/ZF8Sk92xsuA?si=kutfuFK8EPfjhOzm	https://youtu.be/vZdYo_1Pwz8?si=GrFUG_1KYXpHvzfY	https://youtu.be/Gc8I46rE5o8?si=vL3FFuGqkFhaxMs5	https://youtu.be/fNrjmzakHD8?si=45mRoIR3ow4TQ7zm	https://youtu.be/Iuet9k9_m8Q?si=jtQN4oMSiWQIrtq3
https://www.youtube.com/watch?v=XrXTYs4Ws6U	https://www.youtube.com/shorts/0vXRbnWZaek	https://www.youtube.com/watch?v=hnazRCjY0Do	https://www.youtube.com/shorts/Q2QxWwIOG68	https://www.youtube.com/watch?v=7J8l10PtT_4
https://youtu.be/Ock_hgdQ-q8?si=CNqZzWGFxOpSRZ0F	https://youtu.be/trFAZZoWngY?si=YAZuYGZNhVtr2U8N	https://youtu.be/v1YDgVfr1og?si=v7CcciX1Znd0Yp8x	https://youtu.be/hFSPR-RbhjI?si=n30RWyMcD6lPEsgu	https://youtu.be/bEKufM_im88?si=czUIKYtOjPN_w386
https://youtube.com/shorts/VM-tpRCeo2A?si=AZUF3QVzufXiA9Kt	https://youtu.be/ZcNKYPh-PHA?si=Dvad3_bIsV2l7Hc0	https://youtu.be/vTa2mm4Oxfo?si=nSh9oam2UItx6L2a	https://youtu.be/3ezYM3OYsVs?si=j8fOktmvk4EaV3eP	https://youtu.be/9jD8F8EBbi4?si=O8m7cV1OAWkSYM46
https://youtu.be/p8-_DJd1Ii8?si=hfvwNzjevqbi0H7C	https://youtu.be/HZ9bNoRaC1Q?si=8kDDqJPBncgwrTia	https://youtu.be/eoS87PBHgEg?si=4mM_SaUbM_9XtZrI	https://youtu.be/sjnJtMvcF2Y?si=mrxLQNOVPVeenLZ5	https://youtu.be/PCSqrpAWq1s?si=ZgugyCzFMrLN-62A
https://www.youtube.com/watch?v=sBgUy85iqns	https://www.youtube.com/watch?v=HUTifCPuAQY	https://www.youtube.com/watch?v=4Zpc7tWYwUI	https://www.youtube.com/watch?v=krqJ9EbOfOM	https://www.youtube.com/watch?v=LcAQnfMuIeI
https://www.youtube.com/watch?v=Tk7xGXjDXtU	https://www.youtube.com/watch?v=YPjcGT9kq98	https://www.youtube.com/watch?v=RuYjHJwkG60	https://www.youtube.com/watch?v=20PbHbTCucY	https://www.youtube.com/watch?v=34iW6EN4h9I
https://youtu.be/RT7sdzPTDnI?si=1mylJhZHsFhs-ECO	https://youtu.be/ZDe8PEQq6x4?si=FhT1i8bWKPu49VY5	https://youtu.be/14Rd_h9V4tQ?si=IA0JT13ZNpX0i3Go	https://youtu.be/0IOh3hKj_Ek?si=wvNhSCDqJbTT0zY3	
https://youtu.be/itp10sM3Yqk?si=McNqj6OVJfj8qQ9_	https://youtu.be/qpm3c4sZgZE?si=EZS_L2CTkUxD9qza	https://youtu.be/5t7JLjr1FxQ?si=Sdd_BQx5Obs3vSuV		
https://youtu.be/LjOrDJOjSMg?si=MPqZ7pVs4LJLUha5	https://youtu.be/VzWTy7MPXig?si=5VTO5w4GA19O9URo	https://youtu.be/2mpfWYuGL-M?si=f3Wq3_HbrUYGFOq2		
https://youtu.be/iCzh4bV1dAs?si=or0ZiVV1Tw_dsjWZ	https://youtu.be/adyRuV2eJlM?si=qSQvU_OyVZHa0WO9	https://youtu.be/ZcNKYPh-PHA?si=C5Wi2JszjkDi2lm8	https://youtu.be/249k6nV70Ms?si=jDJnblfwjPm0yhRJ	https://youtu.be/LQicq60aJaw?si=6A1x4dn7vb3KaKQ2
https://youtu.be/3WC0WUqCpmM?si=aYGZixX0hQo-XVsQ	https://youtu.be/kxAAWSMP1xc?si=KlIvMVW_KrCGfn87	https://youtu.be/sjnJtMvcF2Y?si=r2Ht6ZL1pP3eO_Ay	https://youtu.be/hcOMLJzvA7A?si=OW79sTmnZ6QJ0sEI	https://youtu.be/WFtnZRzNpqw?si=Z9yN4KQ26xCq8Vyt
https://www.youtube.com/watch?v=XUsbxBbPAMo	https://www.youtube.com/watch?v=FlRwssZYRM0	https://www.youtube.com/watch?v=zS4AP0Q8L8g	https://www.youtube.com/watch?v=cqcVT-X2hXs	https://www.youtube.com/watch?v=pD9mk0Y_pyo
https://youtu.be/ulpTYgJQxEg?si=V1w1yeBNwiyoVMDN	https://youtu.be/1dYTg4OFrCo?si=FwIiEy6LdQvtuWia	https://youtu.be/aHR1hJBZslI?feature=shared	https://youtu.be/dWlRyYtf1Iw?feature=shared	
https://www.youtube.com/watch?v=lGSGTrn5INA				
https://www.youtube.com/watch?v=cJQvyXKtxiU	https://www.youtube.com/watch?v=xLTCivIB4kU	https://www.youtube.com/shorts/Q3hDiED6WI0		
https://www.youtube.com/watch?v=eDS1qn_lLlw	https://www.youtube.com/watch?v=F5ABi40HTrw	https://www.youtube.com/watch?v=5V7bwPtRb6A	https://www.youtube.com/watch?v=RapEb8gBgq0	
